label,empirical_coverage,nominal_coverage,coverage_gap,observations
test | alpha=0.1,0.6853577367901638,0.9,-0.2146422632098363,131244
test | alpha=0.05,0.9498410961763295,0.95,-0.00015890382367049483,32844
unknown | alpha=0.05,0.9499999999999998,0.9499999999999998,0.0,48
unknown | alpha=0.1,0.9,0.9,0.0,48
validation | alpha=0.05,0.951851897681072,0.9499999999999998,0.0018518976810720418,23192
validation | alpha=0.1,0.9256588214019925,0.9,0.025658821401992493,92648
